{"cameraMode":{"drawMode":0,"name":"Shaded","section":"Shading Mode"},"sceneLighting":false,"audioPlay":false,"sceneViewState":{"m_AlwaysRefresh":false,"showFog":true,"showSkybox":false,"showFlares":true,"showImageEffects":true,"showParticleSystems":true,"showVisualEffectGraphs":true,"m_FxEnabled":true},"in2DMode":false,"pivot":{"x":-14.333612442016602,"y":15.294631958007813,"z":9.796308517456055},"rotation":{"x":0.021655723452568055,"y":-0.4307868778705597,"z":0.010340520180761814,"w":0.9021390676498413},"size":19.575603485107423,"orthographic":true}