{"cameraMode":{"drawMode":0,"name":"Shaded","section":"Shading Mode"},"sceneLighting":false,"audioPlay":false,"sceneViewState":{"m_AlwaysRefresh":false,"showFog":true,"showSkybox":false,"showFlares":true,"showImageEffects":true,"showParticleSystems":true,"showVisualEffectGraphs":true,"m_FxEnabled":true},"in2DMode":false,"pivot":{"x":-0.14343947172164918,"y":1.3037505149841309,"z":2.735713005065918},"rotation":{"x":0.3690209984779358,"y":0.22254964709281922,"z":-0.09147991985082627,"w":0.8977418541908264},"size":1.1577003002166749,"orthographic":true}