{"cameraMode":{"drawMode":0,"name":"Shaded","section":"Shading Mode"},"sceneLighting":false,"audioPlay":false,"sceneViewState":{"m_AlwaysRefresh":false,"showFog":true,"showSkybox":false,"showFlares":true,"showImageEffects":true,"showParticleSystems":true,"showVisualEffectGraphs":true,"m_FxEnabled":true},"in2DMode":false,"pivot":{"x":1.4061899185180665,"y":5.009150981903076,"z":8.586067199707032},"rotation":{"x":0.021655723452568055,"y":-0.4307868778705597,"z":0.010340520180761814,"w":0.9021390676498413},"size":4.9308977127075199,"orthographic":true}