{"cameraMode":{"drawMode":0,"name":"Shaded","section":"Shading Mode"},"sceneLighting":false,"audioPlay":false,"sceneViewState":{"m_AlwaysRefresh":false,"showFog":true,"showSkybox":false,"showFlares":true,"showImageEffects":true,"showParticleSystems":true,"showVisualEffectGraphs":true,"m_FxEnabled":true},"in2DMode":false,"pivot":{"x":0.5710859298706055,"y":-2.2347209453582765,"z":0.11112356185913086},"rotation":{"x":0.14368386566638947,"y":-0.23592576384544373,"z":0.03530704230070114,"w":0.9604611396789551},"size":5.032419681549072,"orthographic":true}