{"cameraMode":{"drawMode":0,"name":"Shaded","section":"Shading Mode"},"sceneLighting":true,"audioPlay":false,"sceneViewState":{"m_AlwaysRefresh":false,"showFog":true,"showSkybox":false,"showFlares":true,"showImageEffects":true,"showParticleSystems":true,"showVisualEffectGraphs":true,"m_FxEnabled":true},"in2DMode":false,"pivot":{"x":-0.06500005722045899,"y":0.7420001029968262,"z":-0.18900012969970704},"rotation":{"x":0.3300681412220001,"y":0.5663127303123474,"z":-0.264183908700943,"w":0.7075091600418091},"size":1.0792251825332642,"orthographic":true}