{"cameraMode":{"drawMode":0,"name":"Shaded","section":"Shading Mode"},"sceneLighting":false,"audioPlay":false,"sceneViewState":{"m_AlwaysRefresh":false,"showFog":true,"showSkybox":false,"showFlares":true,"showImageEffects":true,"showParticleSystems":true,"showVisualEffectGraphs":true,"m_FxEnabled":true},"in2DMode":false,"pivot":{"x":-5.373486042022705,"y":3.546799659729004,"z":0.24201202392578126},"rotation":{"x":0.06868666410446167,"y":-0.39840590953826907,"z":0.029944058507680894,"w":0.9141523838043213},"size":9.562726974487305,"orthographic":true}