{"cameraMode":{"drawMode":0,"name":"Shaded","section":"Shading Mode"},"sceneLighting":false,"audioPlay":false,"sceneViewState":{"m_AlwaysRefresh":false,"showFog":true,"showSkybox":false,"showFlares":true,"showImageEffects":true,"showParticleSystems":true,"showVisualEffectGraphs":true,"m_FxEnabled":true},"in2DMode":false,"pivot":{"x":6.777663230895996,"y":0.8679220676422119,"z":6.0000810623168949},"rotation":{"x":0.05595792829990387,"y":0.8993108868598938,"z":-0.12077063322067261,"w":0.4165806472301483},"size":15.918381690979004,"orthographic":true}