{"cameraMode":{"drawMode":0,"name":"Shaded","section":"Shading Mode"},"sceneLighting":false,"audioPlay":false,"sceneViewState":{"m_AlwaysRefresh":false,"showFog":true,"showSkybox":false,"showFlares":true,"showImageEffects":true,"showParticleSystems":true,"showVisualEffectGraphs":true,"m_FxEnabled":true},"in2DMode":false,"pivot":{"x":-0.6619815826416016,"y":0.15000009536743165,"z":-0.022585391998291017},"rotation":{"x":0.4162372350692749,"y":-0.45310071110725405,"z":0.252577543258667,"w":0.7467842102050781},"size":11.354143142700196,"orthographic":true}