{"cameraMode":{"drawMode":0,"name":"Shaded","section":"Shading Mode"},"sceneLighting":true,"audioPlay":false,"sceneViewState":{"m_AlwaysRefresh":false,"showFog":true,"showSkybox":false,"showFlares":true,"showImageEffects":true,"showParticleSystems":true,"showVisualEffectGraphs":true,"m_FxEnabled":true},"in2DMode":false,"pivot":{"x":1.2391986846923829,"y":2.140010356903076,"z":4.648090362548828},"rotation":{"x":0.19170773029327393,"y":0.39845412969589236,"z":-0.08556216210126877,"w":0.8928740620613098},"size":5.699156284332275,"orthographic":false}