{"cameraMode":{"drawMode":0,"name":"Shaded","section":"Shading Mode"},"sceneLighting":false,"audioPlay":false,"sceneViewState":{"m_AlwaysRefresh":false,"showFog":true,"showSkybox":false,"showFlares":true,"showImageEffects":true,"showParticleSystems":true,"showVisualEffectGraphs":true,"m_FxEnabled":true},"in2DMode":false,"pivot":{"x":-0.1439853310585022,"y":-1.3010756969451905,"z":-0.2677159309387207},"rotation":{"x":0.3599335551261902,"y":0.10162141919136048,"z":-0.039499010890722278,"w":0.9266195893287659},"size":1.7645257711410523,"orthographic":false}