{"cameraMode":{"drawMode":0,"name":"Shaded","section":"Shading Mode"},"sceneLighting":true,"audioPlay":false,"sceneViewState":{"m_AlwaysRefresh":false,"showFog":true,"showSkybox":false,"showFlares":true,"showImageEffects":true,"showParticleSystems":true,"showVisualEffectGraphs":true,"m_FxEnabled":true},"in2DMode":false,"pivot":{"x":1.5799999237060547,"y":1.567000389099121,"z":4.340000152587891},"rotation":{"x":0.5395764112472534,"y":0.05902015045285225,"z":-0.03798157349228859,"w":0.8390412330627441},"size":18.186532974243165,"orthographic":false}