{"cameraMode":{"drawMode":0,"name":"Shaded","section":"Shading Mode"},"sceneLighting":false,"audioPlay":false,"sceneViewState":{"m_AlwaysRefresh":false,"showFog":true,"showSkybox":false,"showFlares":true,"showImageEffects":true,"showParticleSystems":true,"showVisualEffectGraphs":true,"m_FxEnabled":true},"in2DMode":false,"pivot":{"x":-0.15000000596046449,"y":0.7136539220809937,"z":4.179999828338623},"rotation":{"x":0.05595792829990387,"y":0.8993108868598938,"z":-0.12077063322067261,"w":0.4165806472301483},"size":2.1691417694091799,"orthographic":true}