{"cameraMode":{"drawMode":0,"name":"Shaded","section":"Shading Mode"},"sceneLighting":false,"audioPlay":false,"sceneViewState":{"m_AlwaysRefresh":false,"showFog":true,"showSkybox":false,"showFlares":true,"showImageEffects":true,"showParticleSystems":true,"showVisualEffectGraphs":true,"m_FxEnabled":true},"in2DMode":false,"pivot":{"x":-2.4468259811401369,"y":0.16672086715698243,"z":9.559586524963379},"rotation":{"x":0.05595792829990387,"y":0.8993108868598938,"z":-0.12077063322067261,"w":0.4165806472301483},"size":7.362997531890869,"orthographic":true}